episode,eval_reward,eval_average_rate_e2e,eval_average_rate_HR,eval_average_rate_RL,eval_average_snr_HR,eval_average_snr_RL,eval_outage_count,eval_constraint_violation_count,eval_trajectory_length
10,122.83783783068336,1618650.0591175216,3237300.1182350433,15851742.720821744,8.48754132857565,63651.83004615483,0,6,100
20,181.090634313937,2786306.410989123,5572612.821978246,15814160.406258643,75.58841557069903,71312.8825761716,0,73,100
30,222.91658195039602,3268910.463869457,6537820.927738914,14763296.703108653,134.15611953301644,47372.44224423331,0,84,100
40,236.1448038341893,3443640.5080185505,6887281.016037101,14189628.156688433,161.07013807024092,30441.10095946414,0,90,100
50,240.97431522862075,3505167.310402973,7010334.620805946,13939558.07219721,171.16861433750597,23126.868647044324,0,92,100
60,238.89502132414336,3504397.649612682,7008795.299225364,13915712.500153651,171.3584146314405,22088.947122626578,0,94,100
70,234.74269014411522,3458887.100338235,6917774.20067647,14111091.450488381,160.58869649290665,24841.41727826754,0,93,100
80,215.0005726958125,3284732.7820098363,6569465.564019673,14906035.217014179,119.91080512003262,36725.73945169461,0,93,100
