algorithm,seed,best_eval_average_rate_e2e,final_eval_average_rate_e2e,best_eval_reward,final_eval_reward,best_episode,final_episode,model_dir
TD3,0,4173934.617805665,3901869.63766599,322.66138579625897,287.9971864865036,250,300,results\phase4\algorithms\td3\seed_0
TD3,1,4875316.5494535435,4864308.733014668,393.93829259400167,395.74569126394834,210,300,results\phase4\algorithms\td3\seed_1
TD3,2,4867777.4883839935,4694832.063033366,395.90357278268726,376.81699917534286,140,300,results\phase4\algorithms\td3\seed_2
DDPG,0,3741771.5090297153,3414513.1046823794,290.2661379923164,231.7975876351598,10,300,results\phase4\algorithms\ddpg\seed_0
DDPG,1,4874499.100942807,4861864.878502289,394.64943629844976,395.67147414065175,130,300,results\phase4\algorithms\ddpg\seed_1
DDPG,2,4779356.496125002,4689113.432343419,385.1565336638803,377.14790130475615,60,300,results\phase4\algorithms\ddpg\seed_2
SAC,0,4888222.951724725,4864865.768651685,408.0632919549151,405.6236460195811,160,300,results\phase4\algorithms\sac\seed_0
SAC,1,4859795.744055005,4850793.592880282,401.93490312396926,400.74679985278925,290,300,results\phase4\algorithms\sac\seed_1
SAC,2,4881506.588589084,4847591.9710768815,402.9054853198354,394.4585302024041,200,300,results\phase4\algorithms\sac\seed_2
