episode,eval_reward,eval_average_rate_e2e,eval_average_rate_HR,eval_average_rate_RL,eval_average_snr_HR,eval_average_snr_RL,eval_outage_count,eval_constraint_violation_count,eval_trajectory_length
10,227.38570219725466,2500494.1237039734,5000988.247407947,13106602.12662317,46.99152750537009,9642.803183292765,0,0,100
20,329.9601106087581,3699334.3912645425,7398668.782529085,12065857.976210235,483.2969835556207,5448.318812897894,0,27,100
30,369.0286365839376,4266472.83601611,8532945.67203222,11607506.033993388,852.5840640649845,4025.5489374988724,0,49,100
40,385.00187069470996,4583082.492165187,9166164.984330375,11384567.15466679,1039.1740991897184,3354.6668458227186,0,67,100
50,395.8081358385084,4759022.549309217,9518045.098618435,11250287.237761533,1158.237470934809,3032.2768364783524,0,75,100
60,400.7269350827285,4843043.217205811,9686086.434411623,11178273.076009367,1223.411743477667,2903.5161927363665,0,79,100
70,405.0668708576966,4875016.8593786415,9750033.718757283,11152952.194070056,1251.7589353989806,2870.0275767279886,0,78,100
80,407.1546708991754,4885812.24384887,9771624.48769774,11149956.776423242,1261.5068220569333,2872.9815630752737,0,77,100
