episode,eval_reward,eval_average_rate_e2e,eval_constraint_violation_count
5,386.6132458984747,4825490.270111654,91
10,399.3718409221831,4916705.640155151,88
15,402.37350188464234,4916737.8760703495,85
20,390.40365992311166,4775240.765550622,81
