episode,eval_reward,eval_average_rate_e2e,eval_average_rate_HR,eval_average_rate_RL,eval_average_snr_HR,eval_average_snr_RL,eval_outage_count,eval_constraint_violation_count,eval_trajectory_length
10,398.75350322695164,4872518.548461326,9745037.096922653,11520565.243779652,1229.9905718590992,3416.977636904655,0,83,100
20,398.75350322695164,4872518.548461326,9745037.096922653,11520565.243779652,1229.9905718590992,3416.977636904655,0,83,100
30,398.75350322695164,4872518.548461326,9745037.096922653,11520565.243779652,1229.9905718590992,3416.977636904655,0,83,100
40,398.75350322695164,4872518.548461326,9745037.096922653,11520565.243779652,1229.9905718590992,3416.977636904655,0,83,100
50,398.75350322695164,4872518.548461326,9745037.096922653,11520565.243779652,1229.9905718590992,3416.977636904655,0,83,100
60,398.75350322695164,4872518.548461326,9745037.096922653,11520565.243779652,1229.9905718590992,3416.977636904655,0,83,100
70,398.75350322695164,4872518.548461326,9745037.096922653,11520565.243779652,1229.9905718590992,3416.977636904655,0,83,100
80,398.75350322695164,4872518.548461326,9745037.096922653,11520565.243779652,1229.9905718590992,3416.977636904655,0,83,100
