episode,eval_reward,eval_average_rate_e2e,eval_average_rate_HR,eval_average_rate_RL,eval_average_snr_HR,eval_average_snr_RL,eval_outage_count,eval_constraint_violation_count,eval_trajectory_length
10,124.0250389266884,1620417.1377615652,3240834.2755231303,15858375.108392859,8.509140328869103,64107.54081598783,0,5,100
20,181.23928933719554,2787235.226793723,5574470.453587446,15778046.44781486,76.16134773715278,69881.35810992347,0,73,100
30,223.8471508803855,3276918.017373639,6553836.034747278,14709051.149903852,136.21749745037704,45800.83744133654,0,84,100
40,236.7764176400047,3449019.9766578306,6898039.953315661,14147089.296590066,162.5259748829206,29225.38103268467,0,90,100
50,239.91877233353634,3513378.2393401996,7026756.478680399,13891045.88222377,173.02835693935967,22036.947000084707,0,94,100
60,239.05070106696587,3523350.878053004,7046701.756106008,13821772.820303597,175.50506141428824,20304.452250602124,0,96,100
70,240.66183040324364,3519813.4438984436,7039626.887796887,13824886.37938962,175.05168020353392,20239.66701832694,0,94,100
80,239.39807522856958,3508636.830093418,7017273.660186836,13872459.79860425,172.53489934219635,20926.471836500576,0,94,100
