seed,best_eval_average_rate_e2e,final_eval_average_rate_e2e,best_eval_reward,final_eval_reward,best_episode,final_episode,constraint_violation_count,outage_count,model_dir
0,3802141.148780482,3648696.3747433997,284.3140128798136,266.5292503136535,250,300,82,0,D:\转移\桌面\lunwencodex\results\phase3\seed_0
1,4917049.812321804,4768494.109437128,401.42660184263093,384.4105685821037,150,300,87,0,D:\转移\桌面\lunwencodex\results\phase3\seed_1
2,4912554.771179421,4619530.49406999,399.9514392494137,366.99417070110144,80,300,87,0,D:\转移\桌面\lunwencodex\results\phase3\seed_2
