seed,eval_average_rate_e2e,eval_average_rate_HR,eval_average_rate_RL,eval_average_snr_HR,eval_average_snr_RL,eval_outage_count,eval_constraint_violation_count,eval_trajectory_length
0,3802141.148780482,7604282.297560964,13407559.22115519,232.88419605531192,11295.234516970904,0,81,100
1,4917049.812321804,9834099.624643609,11077053.510227252,1300.2221393236239,2741.734031979747,0,86,100
2,4912554.771179421,9825109.542358842,11530441.140115613,1292.7820910829355,3595.445509702143,0,86,100
