ablation,average_rate_e2e_mean,average_rate_e2e_std,average_reward_mean,constraint_violation_count_mean,trajectory_length_mean,difference_from_full_td3
A0_full_td3,4543915.244093903,524516.7030751582,361.8973513239527,84.33333333333333,100.0,0.0
A1_isotropic_antenna,6078776.373659194,118465.3897774331,603.3875764507886,0.0,100.0,1534861.129565291
A2_no_balance_penalty,4420249.987853768,695901.3116970742,351.13152945678036,90.0,100.0,-123665.25624013506
A3_no_energy_penalty,4533168.828318242,539005.1760433934,360.0020974763787,86.0,100.0,-10746.415775661357
A4_fixed_relay_height,3938155.100399613,58552.2910366704,304.12287436566095,76.33333333333333,100.0,-605760.1436942904
