ablation,average_rate_e2e_mean,average_rate_e2e_std,average_reward_mean,constraint_violation_count_mean,trajectory_length_mean,difference_from_full_td3
A0_full_td3,4639009.5518810665,492723.2092310403,370.83441705764926,86.13333333333334,100.0,0.0
A1_isotropic_antenna,5746697.650745547,152852.3968386606,497.1054842043165,74.33333333333333,100.0,1107688.0988644809
A2_no_balance_penalty,4481168.635431664,682054.3307805565,363.7365751007585,83.6,100.0,-157840.91644940246
A3_no_energy_penalty,4629019.099484747,491423.9849852609,370.5264648153777,86.26666666666667,100.0,-9990.452396319248
A4_fixed_relay_height,4028995.9331707833,600433.785386345,318.14579444099513,73.53333333333333,100.0,-610013.6187102832
